seq,id,freq
TAG,62,0.526923076923077
CAG,61,0.446153846153846
AAG,60,0.0269230769230769
GAG,59,0
GTC,58,0
TGG,57,0
TCG,56,0
TAC,55,0
TAT,54,0
TTG,53,0
CTA,52,0
AGT,51,0
CCT,50,0
TAA,49,0
CTC,48,0
GCT,47,0
GGC,46,0
ATA,45,0
ATC,44,0
GCC,43,0
ACA,42,0
CTT,41,0
ACT,40,0
CGC,39,0
ATT,38,0
AGA,37,0
ACC,36,0
CGA,35,0
CCA,34,0
CGT,33,0
GCA,32,0
AAC,31,0
GTA,30,0
GGA,29,0
AGC,28,0
AGG,27,0
GGT,26,0
CCC,25,0
GAT,24,0
AAT,23,0
GTT,22,0
ATG,21,0
TCA,20,0
GAC,19,0
TCC,18,0
AAA,17,0
ACG,16,0
CAC,15,0
TTC,14,0
GAA,13,0
GCG,12,0
GTG,11,0
TGC,10,0
GGG,9,0
CGG,8,0
TTA,7,0
TCT,6,0
TGA,5,0
CAT,4,0
CCG,3,0
CAA,2,0
TTT,1,0
CTG,1,0
TGT,1,0
